model,input_len,num_runs,mean_mae,std_mae,mean_rmse,mean_wape,total_parameters,rank_within_input_len
dlinear,48,3,2.2117819786071777,0.010558248973411934,2.872075409398416,28.216410319010418,64704,1
nlinear,48,3,2.2273765405019126,0.024020215838689175,2.9245730995837547,28.41535758972168,32352,2
transformer,48,3,2.6068902810414634,0.19736194685196673,3.2982783111170852,33.256935119628906,73696,3
nlinear,96,3,2.1343024571736655,0.00538029179846077,2.7855593452524814,27.000913619995117,64608,1
dlinear,96,3,2.210715134938558,0.06925602300410945,2.852136274215983,27.967605590820312,129216,2
transformer,96,3,2.482593854268392,0.28304086424955927,3.1082423717431173,31.40712547302246,73696,3
nlinear,192,3,2.107302188873291,0.009052828361340921,2.7294688494111328,26.23346519470215,129120,1
dlinear,192,3,2.1628307501475015,0.01721535127935462,2.756075967387659,26.924731572469074,258240,2
transformer,192,3,2.383601347605387,0.1225526592003978,2.9426952824306816,29.673067728678387,73696,3
